               epoch,      train/box_loss,      train/obj_loss,      train/cls_loss,   metrics/precision,      metrics/recall,     metrics/mAP_0.5,metrics/mAP_0.5:0.95,        val/box_loss,        val/obj_loss,        val/cls_loss,               x/lr0,               x/lr1,               x/lr2
                   0,             0.11329,             0.10331,            0.042331,          0.00078157,            0.024148,           0.0005121,          7.1255e-05,             0.10745,             0.18549,            0.042908,             0.00011,             0.00011,             0.09901
                   1,             0.10641,             0.09322,            0.033218,             0.26671,            0.052557,            0.011878,           0.0023579,             0.10248,             0.19937,            0.029785,             0.00023,             0.00023,             0.09793
                   2,             0.09198,            0.080303,            0.022849,             0.87323,             0.14062,             0.12794,            0.053959,            0.093646,             0.20248,            0.019028,          0.00034999,          0.00034999,             0.09685
                   3,            0.092515,            0.071458,             0.01757,              0.6612,             0.22806,              0.1753,            0.086619,            0.098205,             0.16674,            0.012009,          0.00046996,          0.00046996,             0.09577
                   4,            0.086395,            0.060725,            0.012081,             0.62058,             0.23898,              0.1275,            0.082114,              0.1004,             0.11507,            0.010092,          0.00058992,          0.00058992,             0.09469
                   5,            0.086286,            0.050449,            0.011071,             0.76472,             0.11054,             0.16252,            0.083273,            0.093197,             0.11548,           0.0093003,          0.00070984,          0.00070984,             0.09361
                   6,            0.089308,            0.056438,           0.0097946,             0.63558,             0.35316,             0.20183,             0.10807,            0.092459,            0.098631,           0.0086269,          0.00082973,          0.00082973,             0.09253
                   7,            0.091307,            0.044119,           0.0092151,             0.80253,             0.32509,             0.30725,              0.1987,             0.09543,             0.10473,           0.0079749,          0.00094959,          0.00094959,             0.09145
                   8,            0.086822,            0.047234,            0.011451,             0.72629,             0.39841,             0.38319,             0.26339,            0.099429,             0.10155,            0.007645,           0.0010694,           0.0010694,            0.090369
                   9,            0.084612,            0.041219,            0.008669,             0.99027,             0.24564,             0.25971,             0.13354,             0.10688,             0.11764,           0.0065127,           0.0011891,           0.0011891,            0.089289
                  10,            0.084339,            0.041207,           0.0076965,             0.70425,             0.39509,             0.34494,             0.16402,            0.091084,             0.16272,           0.0065036,           0.0013088,           0.0013088,            0.088209
                  11,            0.077617,            0.047029,           0.0081147,             0.82235,             0.25512,             0.30228,             0.21607,            0.074171,             0.10868,           0.0061119,           0.0014285,           0.0014285,            0.087128
                  12,            0.072096,             0.04388,           0.0069057,             0.77568,             0.25655,             0.33998,            0.096397,            0.086743,             0.11606,           0.0055085,            0.001548,            0.001548,            0.086048
                  13,             0.07263,             0.04985,           0.0059233,             0.65764,             0.41139,             0.32055,             0.12746,            0.089684,             0.12349,           0.0055729,           0.0016675,           0.0016675,            0.084967
                  14,            0.069841,            0.046425,           0.0058189,             0.97954,             0.23864,             0.29366,             0.21689,            0.095021,             0.16147,           0.0043895,           0.0017869,           0.0017869,            0.083887
                  15,            0.072889,            0.042685,           0.0061865,             0.30514,             0.55826,             0.46397,             0.17944,            0.064094,             0.12031,           0.0038799,           0.0019062,           0.0019062,            0.082806
                  16,             0.06722,            0.046566,           0.0050415,             0.31259,             0.56743,             0.39867,             0.27874,            0.084783,              0.1289,           0.0036291,           0.0020254,           0.0020254,            0.081725
                  17,            0.064336,            0.045709,           0.0045787,             0.34892,             0.63451,             0.52204,              0.2763,            0.072789,             0.12391,           0.0032702,           0.0021445,           0.0021445,            0.080644
                  18,            0.062713,            0.042678,           0.0042307,             0.26621,              0.7762,             0.51314,             0.27597,            0.069131,             0.13103,           0.0029461,           0.0022635,           0.0022635,            0.079563
                  19,            0.063233,            0.041173,            0.004977,             0.44728,             0.70922,             0.47246,             0.28012,            0.058228,             0.11454,           0.0030172,           0.0023823,           0.0023823,            0.078482
                  20,            0.055598,             0.04295,           0.0038252,             0.40993,             0.71338,             0.53318,             0.31759,            0.057917,             0.12725,            0.002726,           0.0025011,           0.0025011,            0.077401
                  21,            0.061108,            0.050183,           0.0041363,             0.39636,             0.74411,             0.59762,             0.31064,            0.070837,             0.10652,           0.0028566,           0.0026197,           0.0026197,             0.07632
                  22,            0.057076,            0.038188,           0.0036081,              0.3172,             0.79456,             0.54419,             0.28704,            0.064904,             0.12892,             0.00245,           0.0027382,           0.0027382,            0.075238
                  23,            0.056039,            0.042383,           0.0037292,             0.29216,             0.74398,              0.4384,             0.26488,              0.0735,             0.14469,           0.0023533,           0.0028565,           0.0028565,            0.074157
                  24,            0.054626,            0.038451,           0.0033191,             0.41303,             0.53567,             0.42826,             0.24704,            0.065408,             0.12232,           0.0050285,           0.0029747,           0.0029747,            0.073075
                  25,            0.053827,            0.039403,           0.0030894,             0.56073,             0.72361,             0.58194,             0.28432,            0.056711,             0.12291,           0.0022278,           0.0030928,           0.0030928,            0.071993
                  26,            0.050188,            0.041181,           0.0028929,             0.23466,             0.53245,             0.38928,             0.23794,            0.071088,             0.15139,           0.0023673,           0.0032106,           0.0032106,            0.070911
                  27,            0.051107,            0.041366,           0.0028739,             0.66319,             0.52604,             0.63701,             0.33015,            0.045231,             0.10343,           0.0020883,           0.0033284,           0.0033284,            0.069828
                  28,            0.050242,            0.043372,           0.0031178,             0.31543,             0.59366,             0.43037,             0.11462,            0.060369,             0.12609,           0.0020614,           0.0034459,           0.0034459,            0.068746
                  29,            0.051506,            0.041607,           0.0028541,             0.32934,              0.7552,             0.49158,             0.17852,            0.060033,             0.11656,           0.0021203,           0.0035633,           0.0035633,            0.067663
                  30,             0.04897,            0.041337,           0.0026346,             0.36343,             0.77986,             0.44313,             0.28358,            0.061691,             0.11702,            0.002018,           0.0036804,           0.0036804,             0.06658
                  31,            0.048989,            0.044864,           0.0026501,              0.5676,              0.2764,             0.22512,            0.061289,            0.074494,             0.16408,           0.0094463,           0.0037974,           0.0037974,            0.065497
                  32,            0.049248,            0.041196,           0.0035667,             0.39696,             0.69274,             0.55457,             0.33831,            0.056339,              0.1146,           0.0034912,           0.0039142,           0.0039142,            0.064414
                  33,            0.049008,              0.0339,            0.002946,             0.55172,             0.78147,             0.76007,              0.4108,             0.04631,             0.12079,           0.0020133,           0.0040308,           0.0040308,            0.063331
                  34,            0.048407,             0.04062,           0.0030729,             0.57575,             0.72355,             0.68228,             0.39106,            0.054255,             0.11134,           0.0019327,           0.0041471,           0.0041471,            0.062247
                  35,             0.04619,            0.040103,            0.002459,             0.76758,             0.60101,             0.65244,             0.32975,            0.050192,             0.11955,           0.0022276,           0.0042633,           0.0042633,            0.061163
                  36,            0.047982,            0.040885,           0.0032569,             0.57017,             0.69087,             0.58893,             0.23425,            0.047884,             0.12282,           0.0020548,           0.0043792,           0.0043792,            0.060079
                  37,            0.042749,            0.037423,           0.0023604,              0.4126,             0.68217,             0.57238,             0.35926,            0.054766,             0.12286,           0.0018728,           0.0044949,           0.0044949,            0.058995
                  38,            0.048284,            0.038124,           0.0026038,             0.48708,             0.69542,             0.55019,             0.32349,            0.049253,              0.1154,           0.0017985,           0.0046104,           0.0046104,             0.05791
                  39,            0.045276,            0.037818,           0.0026348,             0.60696,             0.76333,             0.67298,             0.36559,            0.046936,             0.10925,           0.0017926,           0.0047256,           0.0047256,            0.056826
                  40,            0.043839,             0.05468,           0.0024133,              0.5981,             0.73825,             0.66391,             0.34289,            0.050488,             0.12645,           0.0015439,           0.0048406,           0.0048406,            0.055741
                  41,            0.045006,            0.041127,           0.0024796,             0.48464,             0.67255,             0.61587,             0.33556,            0.049559,             0.12101,           0.0015864,           0.0049553,           0.0049553,            0.054655
                  42,            0.045273,            0.036989,           0.0025431,             0.63793,             0.73877,             0.72695,             0.32307,            0.043647,             0.11041,           0.0017706,           0.0050698,           0.0050698,             0.05357
                  43,            0.043751,            0.038452,           0.0021273,             0.45993,             0.71698,             0.61153,             0.36839,            0.050755,             0.12854,           0.0018245,            0.005184,            0.005184,            0.052484
                  44,            0.043174,            0.043556,           0.0022274,             0.68769,              0.8403,              0.7266,             0.39892,            0.043303,             0.11252,           0.0014678,           0.0052979,           0.0052979,            0.051398
                  45,            0.042719,            0.042518,           0.0020405,             0.49283,              0.6743,             0.51663,             0.31156,            0.054123,              0.1293,           0.0018975,           0.0054115,           0.0054115,            0.050312
                  46,            0.040484,            0.036449,           0.0020621,             0.54614,             0.78782,             0.69141,             0.33983,             0.04988,             0.11342,           0.0014904,           0.0055249,           0.0055249,            0.049225
                  47,            0.044852,            0.036921,           0.0021692,             0.63755,             0.68637,             0.67961,             0.36432,            0.043257,             0.11493,           0.0015719,            0.005638,            0.005638,            0.048138
                  48,             0.03999,            0.035594,           0.0020298,             0.55263,              0.6568,             0.55206,             0.33901,             0.04893,             0.11332,           0.0016194,           0.0057508,           0.0057508,            0.047051
                  49,            0.043578,            0.035878,           0.0022682,              0.4951,             0.82885,             0.71923,             0.39827,            0.045145,             0.12086,           0.0016933,           0.0058633,           0.0058633,            0.045963
                  50,            0.042492,            0.040597,           0.0023547,             0.61363,             0.75151,             0.62426,             0.31012,            0.051877,             0.13914,           0.0016237,           0.0059754,           0.0059754,            0.044875
                  51,            0.043608,            0.036777,           0.0032486,             0.68782,             0.80265,             0.76708,             0.42925,            0.044639,             0.11399,           0.0015193,           0.0060873,           0.0060873,            0.043787
                  52,            0.038178,            0.033987,           0.0019932,             0.66845,              0.7022,             0.69885,             0.39868,            0.047513,             0.10853,           0.0014829,           0.0061988,           0.0061988,            0.042699
                  53,            0.042879,            0.058365,           0.0019869,             0.61362,             0.77183,             0.65173,             0.36419,            0.033878,             0.11409,           0.0015048,           0.0063101,           0.0063101,             0.04161
                  54,            0.038988,            0.039917,           0.0024278,             0.74433,             0.68772,              0.7306,             0.43631,            0.041826,             0.11053,           0.0019768,           0.0064209,           0.0064209,            0.040521
                  55,            0.040011,             0.04298,           0.0025075,             0.75018,              0.7822,             0.74225,              0.4031,            0.047582,             0.10683,           0.0014332,           0.0065315,           0.0065315,            0.039431
                  56,            0.037484,            0.035947,           0.0017456,             0.58858,             0.81242,             0.69946,              0.3472,            0.048123,              0.1104,           0.0014438,           0.0066417,           0.0066417,            0.038342
                  57,            0.035259,            0.034176,           0.0017877,             0.72169,             0.64997,             0.64448,             0.38004,             0.03915,              0.1209,           0.0023915,           0.0067516,           0.0067516,            0.037252
                  58,            0.038732,            0.044302,           0.0016587,              0.6069,             0.80783,             0.69628,             0.39914,            0.041026,             0.11053,           0.0013987,           0.0068611,           0.0068611,            0.036161
                  59,            0.039082,            0.039489,           0.0018679,             0.50805,             0.78029,             0.70954,             0.36584,            0.047216,             0.12661,           0.0014311,           0.0069702,           0.0069702,             0.03507
                  60,            0.038921,            0.046607,           0.0016886,             0.64879,             0.77451,             0.71053,             0.40195,            0.047809,             0.11219,           0.0012655,            0.007079,            0.007079,            0.033979
                  61,            0.034907,            0.034527,           0.0016181,             0.72967,             0.76665,              0.7271,             0.38287,            0.041488,             0.12331,            0.001337,           0.0071874,           0.0071874,            0.032887
                  62,            0.036186,            0.035338,           0.0015366,             0.80835,             0.60428,             0.61209,             0.37698,            0.042035,             0.12184,           0.0025926,           0.0072954,           0.0072954,            0.031795
                  63,            0.036878,            0.036635,           0.0016252,              0.5814,             0.58758,             0.55331,             0.36537,            0.041004,             0.11911,           0.0024802,           0.0074031,           0.0074031,            0.030703
                  64,            0.037418,            0.037936,           0.0015368,             0.78733,             0.73311,             0.72386,             0.35616,            0.034769,             0.10887,           0.0017301,           0.0075104,           0.0075104,             0.02961
                  65,            0.037875,            0.060384,           0.0016566,             0.78883,             0.76492,             0.78904,             0.42259,            0.036044,             0.10697,           0.0013589,           0.0076172,           0.0076172,            0.028517
                  66,            0.035487,            0.040284,           0.0014593,             0.80051,             0.81087,             0.80979,             0.45288,            0.038394,              0.1111,           0.0011503,           0.0077237,           0.0077237,            0.027424
                  67,            0.034877,            0.035319,           0.0015532,             0.79734,             0.60556,             0.60386,             0.37894,            0.040023,             0.11442,           0.0017427,           0.0078298,           0.0078298,             0.02633
                  68,            0.036948,             0.03904,           0.0017192,             0.83879,             0.55802,             0.58855,             0.38289,            0.040634,             0.12224,           0.0034249,           0.0079355,           0.0079355,            0.025235
                  69,            0.037887,            0.038427,           0.0016351,             0.90971,             0.50945,             0.52293,             0.35052,            0.037874,             0.13222,           0.0048926,           0.0080407,           0.0080407,            0.024141
                  70,            0.034339,            0.037951,           0.0014443,             0.63821,             0.57278,             0.54846,             0.34045,            0.044156,             0.12332,           0.0020906,           0.0081455,           0.0081455,            0.023046
                  71,            0.034091,            0.035343,           0.0013999,              0.8748,             0.58378,             0.65336,             0.38335,            0.037402,              0.1216,            0.002648,           0.0082499,           0.0082499,             0.02195
                  72,             0.03369,            0.034853,           0.0013829,             0.75285,             0.75777,             0.80443,             0.43735,            0.034875,               0.116,           0.0012841,           0.0083539,           0.0083539,            0.020854
                  73,            0.033921,            0.039728,           0.0014298,             0.80732,             0.86868,             0.84042,             0.48056,            0.032242,             0.10273,           0.0011397,           0.0084574,           0.0084574,            0.019757
                  74,            0.035834,            0.033819,           0.0022717,             0.81172,             0.60679,             0.65878,             0.39993,            0.041931,             0.12684,           0.0024527,           0.0085605,           0.0085605,            0.018661
                  75,            0.034695,            0.037202,           0.0014549,             0.81939,             0.73687,             0.75408,             0.42873,            0.036627,              0.1188,           0.0020987,           0.0086632,           0.0086632,            0.017563
                  76,            0.033435,            0.038472,           0.0014498,              0.8247,             0.80571,             0.78773,             0.45156,            0.033209,             0.11426,           0.0010538,           0.0087654,           0.0087654,            0.016465
                  77,            0.031616,            0.038153,            0.001279,             0.82284,             0.77846,             0.79592,             0.46284,            0.032931,             0.10659,          0.00095118,           0.0088671,           0.0088671,            0.015367
                  78,            0.033606,            0.031613,           0.0013023,              0.7672,              0.7737,             0.76677,             0.41436,            0.037362,             0.10739,            0.001424,           0.0089684,           0.0089684,            0.014268
                  79,            0.035568,            0.037514,           0.0014544,             0.67801,             0.78023,              0.6831,             0.37967,            0.038187,             0.11093,          0.00098499,           0.0090692,           0.0090692,            0.013169
                  80,            0.033915,            0.038214,           0.0013886,             0.68684,             0.78681,             0.72152,             0.37256,            0.037373,               0.119,          0.00098119,           0.0091695,           0.0091695,             0.01207
                  81,            0.032755,            0.033947,           0.0013267,             0.72159,              0.7673,             0.72922,             0.40536,            0.036116,             0.11487,           0.0010486,           0.0092694,           0.0092694,            0.010969
                  82,            0.031171,            0.035893,           0.0012357,             0.90102,             0.79104,             0.85763,              0.4785,            0.032424,             0.10702,          0.00094307,           0.0093687,           0.0093687,           0.0098687
                  83,            0.033675,             0.03749,           0.0014865,             0.69828,             0.61739,             0.66841,              0.4192,            0.038972,             0.12265,           0.0025096,           0.0094018,           0.0094018,           0.0094018
                  84,            0.034206,            0.038556,           0.0013646,             0.60603,             0.70535,             0.63837,             0.38543,            0.045904,             0.12388,           0.0030294,           0.0094018,           0.0094018,           0.0094018
                  85,            0.035835,             0.05455,           0.0014199,             0.72677,             0.41684,              0.4721,             0.32737,            0.051377,             0.18443,            0.014511,           0.0093877,           0.0093877,           0.0093877
                  86,            0.033498,            0.036662,           0.0017097,             0.63407,             0.70846,             0.57839,             0.37032,            0.049093,             0.15385,            0.039989,           0.0093733,           0.0093733,           0.0093733
                  87,            0.035933,            0.036265,           0.0014041,             0.78242,             0.73773,             0.72555,             0.40957,            0.035219,             0.11372,            0.002417,           0.0093589,           0.0093589,           0.0093589
                  88,            0.033175,            0.035685,           0.0012431,             0.79192,             0.74576,             0.74151,             0.42535,             0.03851,              0.1147,           0.0020355,           0.0093442,           0.0093442,           0.0093442
                  89,            0.031202,            0.034839,            0.001152,             0.54856,              0.5783,             0.56751,             0.29276,            0.042313,             0.13452,           0.0027773,           0.0093295,           0.0093295,           0.0093295
                  90,            0.034104,            0.037355,           0.0012795,             0.53904,             0.49925,             0.49131,             0.34056,            0.044738,             0.14792,           0.0059724,           0.0093146,           0.0093146,           0.0093146
                  91,            0.030323,             0.03356,           0.0014265,             0.79765,             0.45447,             0.47681,             0.33007,            0.043111,             0.14248,             0.00568,           0.0092995,           0.0092995,           0.0092995
                  92,            0.033838,            0.038293,           0.0019257,             0.71061,             0.70955,             0.67977,             0.42083,            0.037843,             0.11795,           0.0024329,           0.0092843,           0.0092843,           0.0092843
                  93,            0.033535,            0.034005,           0.0011925,             0.84906,             0.77207,             0.78481,             0.48049,            0.033712,              0.1096,           0.0013093,           0.0092689,           0.0092689,           0.0092689
                  94,            0.029797,             0.03742,           0.0011894,             0.80591,             0.77335,             0.77085,             0.45956,            0.031847,             0.10799,           0.0011549,           0.0092534,           0.0092534,           0.0092534
                  95,            0.030988,            0.034413,           0.0011588,              0.7663,             0.77385,             0.75348,             0.44069,            0.029578,              0.1095,          0.00083181,           0.0092377,           0.0092377,           0.0092377
                  96,            0.030193,            0.036099,           0.0010374,             0.66056,             0.67032,             0.65714,             0.42352,            0.036841,             0.11547,           0.0020467,           0.0092219,           0.0092219,           0.0092219
                  97,            0.032925,            0.033189,              0.0011,             0.82002,             0.67094,             0.71367,             0.44173,             0.03194,             0.10789,           0.0013148,           0.0092059,           0.0092059,           0.0092059
                  98,            0.030806,            0.050547,           0.0011417,              0.8265,             0.78054,             0.79813,             0.45801,            0.033111,             0.10544,          0.00088574,           0.0091898,           0.0091898,           0.0091898
                  99,            0.028975,            0.032199,           0.0010293,             0.85335,             0.77619,             0.82375,             0.47847,            0.031374,             0.10352,          0.00073723,           0.0091735,           0.0091735,           0.0091735
                 100,            0.033447,            0.035718,            0.002252,             0.74583,             0.80157,             0.76523,              0.4417,            0.030902,             0.10731,           0.0008473,           0.0091571,           0.0091571,           0.0091571
                 101,            0.031974,            0.042117,           0.0011378,             0.81409,             0.81905,             0.82954,             0.46068,            0.036083,             0.10921,          0.00079273,           0.0091406,           0.0091406,           0.0091406
                 102,            0.030504,            0.074024,          0.00098679,             0.71011,             0.57849,             0.56069,             0.34987,            0.041228,             0.12667,           0.0022544,           0.0091239,           0.0091239,           0.0091239
                 103,            0.031246,             0.03561,           0.0010802,              0.7492,             0.65033,             0.68887,             0.43326,            0.034641,             0.11457,           0.0016695,           0.0091071,           0.0091071,           0.0091071
                 104,             0.02856,            0.035685,           0.0010046,             0.87358,             0.85351,             0.86483,             0.51222,            0.030164,             0.10065,          0.00068873,           0.0090901,           0.0090901,           0.0090901
                 105,            0.028491,            0.034204,          0.00097374,             0.79485,              0.8639,             0.82499,             0.48891,            0.027608,            0.097141,          0.00076195,            0.009073,            0.009073,            0.009073
                 106,            0.027011,            0.033595,          0.00096679,             0.85702,             0.84214,             0.84642,              0.5061,            0.029658,            0.096968,          0.00077516,           0.0090557,           0.0090557,           0.0090557
                 107,            0.028261,            0.037971,          0.00090823,             0.85583,             0.86413,             0.86603,             0.48491,            0.035384,             0.10348,          0.00074332,           0.0090383,           0.0090383,           0.0090383
                 108,            0.030408,            0.043684,          0.00097781,             0.88557,             0.77186,             0.83247,             0.50292,            0.031753,             0.10323,           0.0007245,           0.0090208,           0.0090208,           0.0090208
                 109,            0.027816,            0.030617,          0.00087986,             0.74912,             0.75856,              0.7536,             0.43532,            0.034757,             0.10859,          0.00081125,           0.0090031,           0.0090031,           0.0090031
                 110,            0.029148,            0.031996,          0.00094938,             0.82787,             0.83732,             0.82811,             0.50135,            0.032698,             0.10862,          0.00069647,           0.0089853,           0.0089853,           0.0089853
                 111,            0.028326,             0.03706,          0.00085295,             0.79998,             0.77942,              0.7713,             0.43303,             0.03372,             0.10857,           0.0010167,           0.0089673,           0.0089673,           0.0089673
                 112,            0.028303,               0.032,          0.00088424,             0.85255,             0.87691,             0.85873,             0.49802,             0.03119,             0.10198,          0.00064753,           0.0089492,           0.0089492,           0.0089492
                 113,            0.027537,            0.032741,          0.00094693,             0.73351,             0.73216,             0.72437,             0.43707,            0.033824,             0.10933,           0.0011596,            0.008931,            0.008931,            0.008931
                 114,            0.028885,             0.03626,          0.00094244,             0.81802,             0.88069,             0.85293,              0.4901,            0.030592,             0.10384,          0.00070849,           0.0089126,           0.0089126,           0.0089126
                 115,            0.030093,            0.034684,           0.0012806,             0.84998,             0.86929,             0.85504,             0.50137,            0.030424,             0.10463,           0.0007145,           0.0088941,           0.0088941,           0.0088941
                 116,            0.028653,            0.039311,          0.00091065,             0.79538,             0.77156,             0.76953,             0.47464,            0.033235,             0.10939,           0.0011134,           0.0088755,           0.0088755,           0.0088755
                 117,            0.029085,            0.032289,          0.00083248,             0.80365,             0.76535,             0.76903,             0.46859,            0.029955,             0.10044,          0.00071879,           0.0088567,           0.0088567,           0.0088567
                 118,            0.026043,            0.031905,          0.00086348,             0.73875,             0.65474,             0.67017,             0.41015,            0.037727,             0.11605,           0.0018181,           0.0088378,           0.0088378,           0.0088378
                 119,            0.028717,            0.048071,          0.00090016,             0.75699,             0.70346,             0.72548,             0.46404,            0.030354,             0.10574,           0.0011651,           0.0088188,           0.0088188,           0.0088188
                 120,            0.028465,            0.042888,          0.00080735,             0.88974,             0.79592,             0.84271,             0.49601,            0.031531,             0.10027,          0.00077096,           0.0087996,           0.0087996,           0.0087996
                 121,            0.029393,            0.041456,           0.0013688,             0.80866,             0.78024,             0.78432,             0.47737,             0.02997,             0.11126,           0.0010898,           0.0087804,           0.0087804,           0.0087804
                 122,            0.026208,            0.031381,          0.00081995,             0.79983,             0.79995,               0.801,             0.48318,            0.028149,            0.097741,          0.00065018,           0.0087609,           0.0087609,           0.0087609
                 123,            0.026717,            0.032001,          0.00080526,             0.81831,             0.81615,             0.81902,             0.50605,            0.028284,             0.10371,           0.0007182,           0.0087414,           0.0087414,           0.0087414
                 124,            0.025252,            0.032379,          0.00077701,             0.83159,             0.75986,             0.78222,             0.43742,            0.029903,             0.10486,          0.00064703,           0.0087217,           0.0087217,           0.0087217
                 125,            0.025754,            0.033391,          0.00087058,             0.85869,             0.82918,             0.82985,             0.47463,            0.030746,             0.10236,          0.00062705,           0.0087019,           0.0087019,           0.0087019
                 126,            0.027219,            0.030094,          0.00085283,             0.79216,             0.80581,             0.80125,             0.45091,            0.033677,             0.10384,          0.00061396,            0.008682,            0.008682,            0.008682
                 127,            0.026624,             0.03254,          0.00075445,             0.82034,             0.84013,              0.8335,             0.49327,            0.031413,             0.10161,          0.00065656,           0.0086619,           0.0086619,           0.0086619
                 128,            0.026543,             0.03172,          0.00093235,             0.84242,             0.81959,             0.82931,             0.51378,            0.028887,             0.10108,            0.000583,           0.0086417,           0.0086417,           0.0086417
                 129,            0.027781,            0.034315,          0.00081401,             0.86711,              0.7964,              0.8212,             0.47655,            0.031018,             0.11216,           0.0010695,           0.0086214,           0.0086214,           0.0086214
                 130,            0.028549,            0.033566,          0.00097874,              0.7798,             0.73735,             0.74792,             0.47555,            0.030532,             0.10856,           0.0017005,            0.008601,            0.008601,            0.008601
                 131,            0.025894,            0.034608,          0.00084437,             0.77583,             0.83572,             0.79202,             0.48147,             0.03079,             0.10742,           0.0011186,           0.0085805,           0.0085805,           0.0085805
                 132,            0.029689,            0.035444,           0.0030524,             0.78447,             0.77732,             0.77169,             0.47629,            0.031308,             0.10383,           0.0010935,           0.0085598,           0.0085598,           0.0085598
                 133,            0.025174,            0.031274,          0.00073287,             0.78274,             0.70514,             0.72756,             0.45798,            0.032124,             0.11175,           0.0015238,            0.008539,            0.008539,            0.008539
                 134,            0.027482,            0.030766,          0.00077407,             0.83793,             0.81812,             0.81423,               0.461,             0.03244,             0.10803,           0.0010014,           0.0085181,           0.0085181,           0.0085181
                 135,            0.026532,            0.030647,          0.00075142,              0.8426,             0.81295,             0.83203,             0.47419,            0.029906,             0.10333,           0.0006121,           0.0084971,           0.0084971,           0.0084971
                 136,            0.027848,            0.031035,          0.00079529,             0.81593,             0.73825,             0.75423,             0.48259,            0.029032,             0.09983,          0.00071709,           0.0084759,           0.0084759,           0.0084759
                 137,            0.027792,            0.030738,          0.00084466,             0.92669,             0.82858,             0.87155,             0.52357,            0.026838,            0.096368,           0.0005836,           0.0084546,           0.0084546,           0.0084546
                 138,             0.02811,            0.032338,           0.0008395,             0.86065,             0.84828,             0.86299,             0.50596,            0.029643,             0.10586,          0.00053847,           0.0084333,           0.0084333,           0.0084333
                 139,            0.027629,            0.033383,          0.00080907,             0.89246,             0.73303,             0.82356,             0.49747,            0.028047,             0.10432,           0.0011136,           0.0084118,           0.0084118,           0.0084118
                 140,            0.025973,            0.032693,          0.00098141,             0.88207,             0.83761,              0.8635,             0.51691,            0.027904,             0.10066,          0.00061075,           0.0083901,           0.0083901,           0.0083901
                 141,            0.025691,            0.033708,          0.00079074,             0.87182,             0.80451,             0.83755,             0.48997,            0.028905,             0.10089,          0.00068825,           0.0083684,           0.0083684,           0.0083684
                 142,            0.026818,            0.026024,          0.00072421,             0.85966,             0.85006,             0.86459,             0.49847,            0.033944,             0.10408,          0.00056907,           0.0083466,           0.0083466,           0.0083466
                 143,            0.027183,            0.028133,          0.00069717,             0.83443,             0.84151,             0.83162,             0.47376,            0.028826,             0.10116,          0.00057361,           0.0083246,           0.0083246,           0.0083246
                 144,            0.024608,            0.028684,          0.00066644,              0.7524,             0.60906,             0.65757,             0.43592,            0.031556,             0.11948,           0.0018587,           0.0083025,           0.0083025,           0.0083025
                 145,            0.026876,            0.032461,          0.00080961,             0.90292,             0.81231,             0.86567,             0.50286,            0.028456,             0.10653,          0.00060947,           0.0082804,           0.0082804,           0.0082804
                 146,            0.026185,            0.032052,           0.0007275,             0.85075,             0.84008,             0.84525,             0.48732,            0.028451,             0.10946,          0.00085917,           0.0082581,           0.0082581,           0.0082581
                 147,            0.025933,             0.03194,          0.00070887,             0.88334,             0.78231,              0.8167,             0.50697,            0.028363,             0.10939,          0.00077701,           0.0082357,           0.0082357,           0.0082357
                 148,            0.023881,            0.035238,          0.00067827,             0.80493,             0.61856,             0.65015,             0.43403,            0.031735,             0.11857,           0.0031299,           0.0082132,           0.0082132,           0.0082132
                 149,            0.028491,             0.03217,          0.00065385,             0.79261,             0.58675,             0.59984,             0.40156,            0.030843,             0.11891,           0.0015762,           0.0081906,           0.0081906,           0.0081906
                 150,            0.025136,            0.027489,           0.0006939,             0.77028,             0.76634,             0.75854,             0.47937,            0.029747,             0.10022,           0.0010303,           0.0081679,           0.0081679,           0.0081679
                 151,            0.027307,             0.03273,          0.00074041,             0.82783,             0.81719,              0.8176,             0.49898,            0.029003,             0.10182,          0.00082887,            0.008145,            0.008145,            0.008145
                 152,            0.025622,            0.037487,          0.00072857,             0.80192,             0.78769,             0.77294,             0.45421,            0.031262,             0.10491,          0.00071206,           0.0081221,           0.0081221,           0.0081221
                 153,            0.026919,            0.059974,          0.00066015,             0.86635,             0.82078,              0.8548,             0.52819,            0.028137,             0.10038,           0.0005461,           0.0080991,           0.0080991,           0.0080991
                 154,            0.023785,            0.030687,          0.00071941,             0.79291,             0.86687,             0.83793,             0.50413,             0.02807,            0.099729,          0.00056282,           0.0080759,           0.0080759,           0.0080759
                 155,            0.026864,            0.031965,          0.00065859,             0.82274,             0.80949,              0.8148,             0.48875,            0.030559,             0.10527,          0.00072736,           0.0080527,           0.0080527,           0.0080527
                 156,            0.024698,            0.030212,          0.00078368,             0.73623,             0.56897,             0.60479,              0.4053,            0.033251,             0.12247,           0.0034423,           0.0080294,           0.0080294,           0.0080294
                 157,            0.025629,             0.03323,          0.00071446,             0.78667,             0.82521,             0.79474,             0.49197,            0.029408,             0.10418,          0.00075689,           0.0080059,           0.0080059,           0.0080059
                 158,            0.024338,            0.029296,          0.00066081,             0.79408,             0.77652,             0.76868,             0.48845,            0.028301,             0.10021,          0.00092162,           0.0079824,           0.0079824,           0.0079824
                 159,            0.026163,            0.034042,           0.0006748,             0.72181,             0.65167,             0.65667,             0.43681,            0.031887,             0.10572,           0.0017997,           0.0079588,           0.0079588,           0.0079588
                 160,            0.027828,             0.03495,          0.00082074,             0.80675,             0.77061,             0.75206,             0.46758,              0.0304,             0.10027,          0.00079089,            0.007935,            0.007935,            0.007935
                 161,            0.024709,            0.030771,          0.00067765,             0.84673,             0.83098,             0.84591,             0.52086,            0.028133,            0.098255,          0.00051783,           0.0079112,           0.0079112,           0.0079112
                 162,            0.025668,            0.027952,          0.00066741,             0.85958,             0.86693,             0.86997,             0.51668,            0.028004,             0.10234,          0.00052432,           0.0078873,           0.0078873,           0.0078873
                 163,            0.025366,            0.028304,           0.0007188,             0.90705,             0.83301,             0.86934,             0.51118,            0.026926,              0.1007,          0.00052441,           0.0078633,           0.0078633,           0.0078633
                 164,            0.024463,            0.030854,          0.00069685,             0.83242,              0.8095,             0.81436,             0.49442,            0.027005,             0.10064,          0.00060438,           0.0078392,           0.0078392,           0.0078392
                 165,            0.027322,            0.039049,          0.00076828,             0.86838,             0.85397,             0.86826,             0.51468,            0.027093,            0.095943,          0.00053866,            0.007815,            0.007815,            0.007815
                 166,            0.022936,            0.030183,          0.00062054,             0.85483,             0.79894,             0.82798,             0.50046,            0.027289,             0.10612,          0.00052116,           0.0077907,           0.0077907,           0.0077907
                 167,             0.02618,            0.036441,          0.00061174,              0.9184,             0.80002,             0.85113,             0.51621,            0.027778,            0.099736,          0.00050956,           0.0077663,           0.0077663,           0.0077663
                 168,            0.023952,            0.029951,          0.00064159,             0.85142,             0.71033,             0.73636,             0.45955,            0.029506,             0.10578,           0.0010762,           0.0077418,           0.0077418,           0.0077418
                 169,            0.025311,             0.02993,           0.0017064,             0.85813,             0.82391,             0.85085,              0.5143,            0.027107,            0.099111,          0.00051957,           0.0077173,           0.0077173,           0.0077173
                 170,            0.023364,            0.032324,          0.00054765,             0.79811,             0.60132,             0.65582,             0.43184,            0.031408,             0.12487,           0.0021002,           0.0076926,           0.0076926,           0.0076926
                 171,            0.024647,            0.030365,          0.00059602,             0.82891,             0.82318,             0.81524,             0.49298,            0.028271,            0.098793,          0.00049725,           0.0076679,           0.0076679,           0.0076679
                 172,            0.023372,            0.027216,          0.00065676,             0.86726,             0.82962,             0.84405,             0.49279,            0.029194,              0.1046,          0.00051457,           0.0076431,           0.0076431,           0.0076431
                 173,            0.025788,            0.029786,          0.00079268,             0.88326,             0.79499,             0.83414,             0.50785,            0.029457,            0.097923,          0.00060457,           0.0076182,           0.0076182,           0.0076182
                 174,            0.023414,            0.029092,          0.00069979,             0.90041,             0.82444,             0.87927,             0.53621,             0.02664,            0.094499,          0.00052095,           0.0075932,           0.0075932,           0.0075932
                 175,            0.024401,             0.02801,          0.00059761,             0.80982,             0.77124,             0.78068,             0.50118,            0.027962,             0.10159,          0.00070861,           0.0075681,           0.0075681,           0.0075681
                 176,            0.026305,            0.032985,          0.00061431,             0.78265,               0.794,             0.79602,              0.4919,            0.028747,            0.099273,          0.00056877,            0.007543,            0.007543,            0.007543
                 177,            0.025799,            0.027736,          0.00068204,             0.80237,             0.84719,             0.84224,             0.51284,            0.027972,             0.10124,          0.00054502,           0.0075177,           0.0075177,           0.0075177
                 178,            0.025626,            0.032629,          0.00058313,             0.76916,             0.77463,             0.76344,             0.48734,            0.028824,             0.11925,           0.0013037,           0.0074924,           0.0074924,           0.0074924
                 179,            0.025536,            0.028264,          0.00063197,             0.83054,             0.85617,             0.83763,             0.51054,            0.027499,             0.10714,          0.00050714,            0.007467,            0.007467,            0.007467
                 180,            0.024228,            0.031154,          0.00069125,             0.90469,             0.75907,             0.83236,             0.50527,            0.026498,             0.10156,          0.00050895,           0.0074416,           0.0074416,           0.0074416
                 181,            0.023823,            0.029659,            0.000643,             0.79759,              0.8087,             0.81468,             0.49488,            0.030022,             0.10287,          0.00055822,            0.007416,            0.007416,            0.007416
                 182,            0.023071,            0.026026,          0.00064881,             0.81647,             0.75686,             0.76511,             0.48671,            0.029575,             0.10673,           0.0010947,           0.0073904,           0.0073904,           0.0073904
                 183,             0.02327,             0.03178,          0.00068906,             0.86126,             0.80588,             0.83234,             0.51153,            0.026848,             0.10144,          0.00073992,           0.0073647,           0.0073647,           0.0073647
                 184,            0.022973,            0.027462,          0.00057505,             0.73573,             0.64816,             0.65815,             0.43814,            0.030623,             0.11167,           0.0013071,           0.0073389,           0.0073389,           0.0073389
                 185,            0.023127,            0.031206,          0.00058153,             0.89565,             0.84928,              0.8758,             0.51482,            0.026062,             0.10029,           0.0005346,           0.0073131,           0.0073131,           0.0073131
                 186,            0.024404,            0.030069,          0.00059368,             0.85843,             0.88777,             0.88879,             0.53025,            0.026952,              0.1019,          0.00048065,           0.0072872,           0.0072872,           0.0072872
                 187,            0.023887,            0.028103,          0.00064632,             0.86042,              0.8366,             0.84991,             0.50752,            0.026953,             0.10203,           0.0006114,           0.0072612,           0.0072612,           0.0072612
                 188,            0.022865,             0.03001,           0.0005549,             0.81285,             0.58974,             0.63625,             0.43066,            0.031112,             0.12092,           0.0018139,           0.0072351,           0.0072351,           0.0072351
                 189,            0.023479,            0.037905,          0.00058137,             0.98252,             0.47416,             0.48506,             0.35205,            0.036483,             0.12601,           0.0046607,            0.007209,            0.007209,            0.007209
                 190,             0.02466,             0.03223,          0.00065274,             0.76853,             0.59675,             0.62264,             0.42424,            0.030298,             0.11301,           0.0021745,           0.0071828,           0.0071828,           0.0071828
                 191,            0.024057,            0.041922,          0.00056914,             0.86871,             0.83342,              0.8626,             0.52367,            0.025507,            0.096984,          0.00043886,           0.0071566,           0.0071566,           0.0071566
                 192,             0.02503,            0.033393,          0.00059106,             0.78382,             0.58877,              0.6376,             0.42152,            0.030435,             0.10715,           0.0013714,           0.0071302,           0.0071302,           0.0071302
                 193,            0.023576,            0.031631,          0.00053783,             0.82622,             0.86885,             0.85358,             0.51822,            0.026939,             0.09758,          0.00042715,           0.0071039,           0.0071039,           0.0071039
                 194,            0.022435,            0.030454,           0.0006403,             0.82462,             0.82137,             0.82537,             0.49099,            0.027118,             0.10249,          0.00046314,           0.0070774,           0.0070774,           0.0070774
                 195,            0.024413,            0.031356,          0.00054058,             0.83524,             0.83899,             0.84749,             0.50937,            0.026652,             0.09976,           0.0004504,           0.0070509,           0.0070509,           0.0070509
                 196,            0.024424,            0.027819,          0.00060787,             0.82654,             0.85209,             0.83834,             0.51136,            0.027391,             0.10532,          0.00047451,           0.0070243,           0.0070243,           0.0070243
                 197,            0.025368,            0.031711,          0.00057843,             0.86683,             0.82931,             0.86275,             0.52868,            0.025492,            0.097959,          0.00045534,           0.0069977,           0.0069977,           0.0069977
                 198,            0.022475,            0.030774,           0.0005245,             0.79645,             0.84997,             0.82966,             0.48785,            0.029607,             0.10414,          0.00047204,            0.006971,            0.006971,            0.006971
                 199,            0.022578,            0.029014,          0.00059311,             0.82907,             0.81351,             0.81256,             0.50604,             0.02687,            0.099913,          0.00049724,           0.0069442,           0.0069442,           0.0069442
                 200,            0.022494,            0.031136,          0.00053825,             0.80244,             0.86887,             0.83825,             0.49838,            0.026084,              0.0998,          0.00047989,           0.0069174,           0.0069174,           0.0069174
                 201,            0.025054,            0.034056,          0.00063764,             0.84005,             0.79288,             0.79899,             0.49367,            0.027076,             0.10137,          0.00047976,           0.0068906,           0.0068906,           0.0068906
                 202,            0.022721,            0.030107,          0.00063681,             0.89098,             0.81739,             0.84735,             0.52575,            0.025705,            0.097431,          0.00043232,           0.0068637,           0.0068637,           0.0068637
                 203,            0.022219,            0.029642,          0.00056054,             0.78868,             0.65541,             0.68407,             0.46296,            0.028807,             0.11256,           0.0012802,           0.0068367,           0.0068367,           0.0068367
                 204,            0.024733,             0.03514,          0.00061063,             0.85508,             0.87273,             0.87687,             0.52555,            0.027047,            0.097358,          0.00044393,           0.0068097,           0.0068097,           0.0068097
                 205,            0.022545,            0.029069,          0.00056687,             0.83447,             0.89224,             0.86973,             0.51919,            0.025764,            0.094229,          0.00043429,           0.0067826,           0.0067826,           0.0067826
                 206,            0.026091,             0.03566,           0.0022761,             0.88267,             0.80898,             0.84481,             0.49658,             0.02671,             0.09523,          0.00050731,           0.0067555,           0.0067555,           0.0067555
                 207,            0.023399,            0.028199,          0.00057288,             0.88518,             0.81894,             0.86174,             0.51927,            0.027522,            0.097885,          0.00044301,           0.0067283,           0.0067283,           0.0067283
                 208,            0.020718,            0.027654,          0.00055312,             0.88148,             0.79961,             0.84069,             0.52755,            0.028186,             0.10337,          0.00046275,           0.0067011,           0.0067011,           0.0067011
                 209,            0.025112,            0.036526,          0.00085185,             0.87251,             0.77654,             0.81601,             0.50072,            0.025557,             0.09736,           0.0004359,           0.0066738,           0.0066738,           0.0066738
                 210,            0.022157,            0.026811,          0.00062835,             0.80901,             0.79504,             0.80038,             0.50042,             0.02675,            0.097589,          0.00045136,           0.0066465,           0.0066465,           0.0066465
                 211,            0.023369,            0.028392,          0.00054182,             0.87177,             0.80386,             0.81367,             0.48907,            0.027386,             0.10524,            0.000542,           0.0066191,           0.0066191,           0.0066191
                 212,              0.0224,            0.027735,          0.00057946,             0.87179,             0.86363,             0.87473,             0.51621,            0.028153,            0.099676,          0.00043977,           0.0065917,           0.0065917,           0.0065917
                 213,            0.021919,            0.030756,          0.00053139,             0.84602,             0.81785,             0.82868,             0.50235,            0.026581,            0.094347,          0.00041448,           0.0065642,           0.0065642,           0.0065642
                 214,            0.024378,            0.025543,          0.00052228,              0.8432,              0.8583,             0.87841,             0.52698,            0.026881,             0.10097,          0.00046632,           0.0065368,           0.0065368,           0.0065368
                 215,            0.022855,            0.029078,          0.00053976,             0.87323,              0.8686,             0.88872,             0.52466,            0.026986,             0.11072,          0.00043759,           0.0065092,           0.0065092,           0.0065092
                 216,            0.023277,            0.048778,          0.00055741,             0.82887,             0.85073,             0.85734,             0.52314,            0.026348,            0.099219,          0.00040801,           0.0064816,           0.0064816,           0.0064816
                 217,            0.023414,            0.030683,          0.00051426,             0.89486,             0.83701,             0.88171,             0.53594,            0.025596,            0.098483,          0.00040711,            0.006454,            0.006454,            0.006454
                 218,            0.022746,            0.031121,          0.00047727,             0.87736,             0.83209,             0.86573,             0.52209,            0.027835,            0.096647,          0.00048228,           0.0064264,           0.0064264,           0.0064264
                 219,            0.021571,            0.027886,          0.00044523,             0.85089,             0.85873,             0.85286,             0.52675,            0.026871,            0.098256,          0.00042662,           0.0063987,           0.0063987,           0.0063987
                 220,            0.023331,            0.031848,          0.00049455,             0.85819,             0.85689,             0.85659,               0.522,            0.025297,            0.099609,          0.00039066,            0.006371,            0.006371,            0.006371
                 221,            0.020992,            0.030038,          0.00046191,             0.86284,             0.85783,             0.85767,             0.51915,            0.026561,             0.11029,          0.00039798,           0.0063432,           0.0063432,           0.0063432
                 222,             0.02133,            0.029208,          0.00045468,             0.88959,             0.83021,              0.8606,             0.52565,            0.025793,            0.097722,          0.00039422,           0.0063154,           0.0063154,           0.0063154
                 223,            0.021855,            0.029993,          0.00048216,             0.88624,              0.8421,             0.87794,             0.52002,            0.026616,            0.099463,          0.00041518,           0.0062876,           0.0062876,           0.0062876
                 224,            0.023069,            0.029279,          0.00052198,             0.83027,             0.78782,             0.80899,             0.49181,            0.026809,             0.10306,          0.00040264,           0.0062598,           0.0062598,           0.0062598
                 225,            0.020751,            0.029407,          0.00044908,             0.80724,             0.83648,             0.81286,             0.50118,             0.02681,             0.10759,          0.00040674,           0.0062319,           0.0062319,           0.0062319
                 226,            0.022705,            0.033449,          0.00042844,             0.85301,             0.83972,             0.86464,             0.51809,            0.025806,            0.093883,          0.00037964,            0.006204,            0.006204,            0.006204
                 227,            0.021461,            0.025468,          0.00056715,             0.82847,             0.84742,             0.82581,             0.49327,            0.026402,             0.09704,          0.00038708,            0.006176,            0.006176,            0.006176
                 228,            0.021104,             0.02766,          0.00050242,             0.86316,             0.86462,             0.87514,               0.517,            0.025658,             0.09786,          0.00040726,            0.006148,            0.006148,            0.006148
                 229,            0.022884,            0.029945,          0.00059607,             0.86836,             0.86042,             0.87684,             0.52101,            0.027105,            0.097481,           0.0003727,           0.0061201,           0.0061201,           0.0061201
                 230,            0.022544,            0.030245,          0.00047683,             0.81218,             0.82654,             0.82701,             0.49286,            0.027649,            0.098219,          0.00037429,            0.006092,            0.006092,            0.006092
                 231,            0.024367,            0.028727,          0.00054276,             0.84533,             0.86696,             0.86591,             0.51734,            0.026158,            0.096351,          0.00039112,            0.006064,            0.006064,            0.006064
                 232,            0.020913,            0.028832,          0.00045752,             0.82206,             0.89701,             0.86369,             0.52515,             0.02625,            0.097221,          0.00042853,           0.0060359,           0.0060359,           0.0060359
                 233,            0.021747,            0.029685,           0.0004857,             0.88838,             0.83088,             0.84946,             0.51343,            0.026688,            0.098307,          0.00042304,           0.0060079,           0.0060079,           0.0060079
                 234,            0.021622,            0.026935,          0.00056956,             0.86409,             0.86963,             0.87717,             0.52365,            0.026434,             0.10097,          0.00038989,           0.0059798,           0.0059798,           0.0059798
                 235,            0.020638,            0.025323,          0.00040253,             0.91503,              0.8245,             0.87708,             0.52217,            0.025546,            0.098632,           0.0003694,           0.0059516,           0.0059516,           0.0059516
                 236,            0.021283,            0.027097,          0.00045809,             0.87934,             0.79966,             0.84263,             0.51386,            0.026005,             0.10128,           0.0004065,           0.0059235,           0.0059235,           0.0059235
                 237,            0.022287,            0.032037,          0.00049647,             0.89415,             0.77885,             0.80605,              0.4928,            0.028493,             0.10689,          0.00082031,           0.0058953,           0.0058953,           0.0058953
                 238,            0.023208,            0.028216,           0.0018835,             0.87249,             0.83838,             0.85873,             0.50215,            0.027259,             0.10487,          0.00039059,           0.0058672,           0.0058672,           0.0058672
                 239,            0.021368,            0.024878,            0.000403,             0.85001,             0.88844,              0.8727,             0.52059,            0.025937,             0.10588,          0.00040233,            0.005839,            0.005839,            0.005839
                 240,            0.021976,            0.029368,          0.00051644,             0.83987,              0.8626,             0.84899,             0.51334,            0.025842,             0.10334,          0.00039603,           0.0058108,           0.0058108,           0.0058108
                 241,            0.020124,            0.028669,          0.00053024,             0.85871,             0.85262,             0.86474,             0.52743,            0.026054,            0.099428,          0.00039664,           0.0057826,           0.0057826,           0.0057826
                 242,            0.020968,             0.02743,          0.00037868,              0.7934,             0.79903,             0.78349,             0.48388,            0.027941,             0.10138,          0.00041354,           0.0057543,           0.0057543,           0.0057543
                 243,            0.019839,            0.028123,          0.00042073,             0.85327,             0.86779,             0.87158,              0.5062,            0.025636,            0.098824,          0.00036777,           0.0057261,           0.0057261,           0.0057261
                 244,            0.023324,            0.031756,          0.00051143,             0.81423,             0.83843,             0.81866,             0.49241,            0.026706,             0.10124,          0.00038766,           0.0056979,           0.0056979,           0.0056979
                 245,            0.022061,             0.02951,           0.0006784,             0.86907,             0.84835,             0.86274,             0.51595,            0.025891,            0.097803,          0.00037459,           0.0056696,           0.0056696,           0.0056696
                 246,            0.022317,            0.031405,          0.00041208,             0.88518,             0.85644,             0.88459,             0.51517,            0.025965,              0.0978,          0.00036311,           0.0056413,           0.0056413,           0.0056413
                 247,            0.019978,            0.031382,          0.00047296,             0.86377,             0.85639,              0.8786,             0.51762,            0.025787,             0.10094,          0.00035983,           0.0056131,           0.0056131,           0.0056131
                 248,            0.019907,            0.028547,          0.00037388,             0.85407,             0.83456,             0.84584,             0.50675,            0.026521,             0.10156,          0.00035487,           0.0055848,           0.0055848,           0.0055848
                 249,            0.021302,            0.029145,          0.00044339,             0.88003,             0.81015,             0.85382,             0.49751,            0.026574,            0.098954,          0.00037268,           0.0055565,           0.0055565,           0.0055565
                 250,             0.02275,            0.028445,          0.00053585,             0.86643,             0.83965,             0.84544,             0.50318,            0.026368,            0.098901,          0.00038398,           0.0055283,           0.0055283,           0.0055283
                 251,            0.020848,            0.024382,          0.00054464,              0.8458,             0.83973,             0.85693,              0.5116,            0.028081,              0.1062,          0.00038376,              0.0055,              0.0055,              0.0055
                 252,            0.020576,            0.030094,          0.00053506,             0.86779,             0.84369,             0.87348,             0.53018,            0.025693,            0.099721,          0.00035845,           0.0054717,           0.0054717,           0.0054717
                 253,            0.022308,            0.053589,          0.00045925,             0.87012,             0.84285,             0.87438,             0.52477,            0.026735,             0.10309,          0.00037966,           0.0054435,           0.0054435,           0.0054435
                 254,            0.020808,             0.02528,           0.0029097,             0.86667,             0.83268,             0.87521,             0.52217,            0.026086,             0.09996,          0.00037127,           0.0054152,           0.0054152,           0.0054152
                 255,            0.020122,            0.027516,          0.00037206,             0.87211,             0.83304,             0.86126,             0.51682,             0.02616,            0.098262,          0.00036103,           0.0053869,           0.0053869,           0.0053869
                 256,            0.021917,            0.032459,          0.00047855,             0.84186,             0.73252,             0.75397,             0.47654,            0.028295,             0.10822,           0.0004966,           0.0053587,           0.0053587,           0.0053587
                 257,            0.022722,            0.028611,          0.00045212,             0.83851,             0.79924,             0.83172,             0.50842,            0.027328,             0.10989,          0.00046855,           0.0053304,           0.0053304,           0.0053304
                 258,            0.022876,            0.027301,          0.00049498,             0.86147,             0.84868,             0.86634,             0.52033,            0.025759,            0.097781,          0.00034378,           0.0053021,           0.0053021,           0.0053021
                 259,            0.025258,            0.026649,          0.00061514,             0.87248,             0.87369,             0.88804,             0.52681,            0.026032,            0.098019,          0.00035837,           0.0052739,           0.0052739,           0.0052739
                 260,            0.022528,            0.028719,          0.00061127,             0.84785,             0.87115,             0.84597,             0.51585,            0.026362,             0.10025,          0.00035001,           0.0052457,           0.0052457,           0.0052457
                 261,            0.021682,            0.029175,          0.00041643,             0.85158,             0.87358,             0.87624,             0.51277,             0.02615,             0.10284,          0.00034227,           0.0052174,           0.0052174,           0.0052174
                 262,            0.023179,             0.02973,          0.00047505,             0.89141,             0.81889,             0.85566,             0.50758,            0.026139,            0.098638,          0.00034424,           0.0051892,           0.0051892,           0.0051892
                 263,            0.020283,            0.027281,          0.00046321,              0.7893,             0.83179,             0.79593,             0.50346,            0.026436,            0.098927,          0.00036201,            0.005161,            0.005161,            0.005161
                 264,            0.019875,             0.02817,            0.000426,             0.82808,             0.83502,             0.79953,             0.50664,            0.026731,             0.10839,          0.00043243,           0.0051328,           0.0051328,           0.0051328
                 265,            0.021417,            0.027226,          0.00053502,             0.87388,              0.8387,             0.86112,             0.50403,            0.025433,            0.096893,          0.00034384,           0.0051047,           0.0051047,           0.0051047
                 266,            0.022502,            0.026944,          0.00085091,             0.85043,             0.84608,             0.86012,             0.51774,             0.02685,            0.099195,          0.00036273,           0.0050765,           0.0050765,           0.0050765
                 267,            0.020703,            0.033823,          0.00048237,             0.84031,             0.85649,               0.855,             0.51958,            0.025781,             0.10035,          0.00034414,           0.0050484,           0.0050484,           0.0050484
                 268,            0.024719,            0.025117,           0.0020147,             0.84953,             0.86049,             0.86715,             0.51184,            0.026002,            0.098085,          0.00033412,           0.0050202,           0.0050202,           0.0050202
                 269,            0.021126,            0.048681,          0.00049417,             0.81403,             0.81877,             0.80655,             0.49727,            0.025912,             0.10583,          0.00034269,           0.0049921,           0.0049921,           0.0049921
                 270,            0.022474,            0.031044,          0.00054753,             0.87286,             0.81116,             0.83892,             0.50076,             0.02663,             0.10871,          0.00034256,           0.0049641,           0.0049641,           0.0049641
                 271,            0.019675,            0.026965,          0.00040047,              0.8379,              0.8199,              0.8279,             0.49538,            0.026493,             0.11049,          0.00034458,            0.004936,            0.004936,            0.004936
                 272,            0.021522,            0.056057,           0.0004657,             0.78489,             0.83196,             0.79502,             0.49838,            0.026096,             0.10686,          0.00034407,            0.004908,            0.004908,            0.004908
                 273,            0.020876,             0.02743,          0.00039321,             0.81375,             0.84847,             0.83621,             0.50054,            0.026573,             0.10673,          0.00034141,           0.0048799,           0.0048799,           0.0048799
                 274,            0.019415,            0.025534,          0.00036219,              0.8331,             0.86148,             0.86147,             0.51103,            0.026661,              0.1016,          0.00034613,            0.004852,            0.004852,            0.004852
